run,run_label,epoch,paper_model,paper_label,dataset,sam2_precision,paper_precision,delta_precision_sam2_minus_paper,sam2_recall,paper_recall,delta_recall_sam2_minus_paper,sam2_dice,paper_dice,delta_dice_sam2_minus_paper,sam2_iou,paper_iou,delta_iou_sam2_minus_paper,iou_source,pr_re_f1_source
baseline_best,Baseline SAM 2 + LoRA r=4 — meilleure époque validation,,paper_adapter_d32,"CrackSAM originel — Adapter d=32 (SAM 1, ViT-H)",khanhha_original,0.7493221748481216,0.7676,-0.01827782515187837,0.7711459743369301,0.7965,-0.02535402566306988,0.7453199181521043,0.7704,-0.025080081847895674,0.6238044947390237,0.6495,-0.025695505260976303,"CrackSAM.pdf, Table 6","CrackSAM.pdf, Table 1 (Adapter d=32)"
baseline_best,Baseline SAM 2 + LoRA r=4 — meilleure époque validation,,paper_adapter_d32,"CrackSAM originel — Adapter d=32 (SAM 1, ViT-H)",khanhha_noisy1,0.7301769076301692,,,0.7189114288075823,,,0.6907005064260806,,,0.5678115519313996,0.5466,0.021211551931399675,"CrackSAM.pdf, Table 6","CrackSAM.pdf, Table 1 (Adapter d=32)"
baseline_best,Baseline SAM 2 + LoRA r=4 — meilleure époque validation,,paper_adapter_d32,"CrackSAM originel — Adapter d=32 (SAM 1, ViT-H)",khanhha_noisy2,0.6396915775912075,,,0.6748121664957597,,,0.6243293747541984,,,0.5133437612837761,0.4763,0.03704376128377612,"CrackSAM.pdf, Table 6","CrackSAM.pdf, Table 1 (Adapter d=32)"
baseline_best,Baseline SAM 2 + LoRA r=4 — meilleure époque validation,,paper_adapter_d32,"CrackSAM originel — Adapter d=32 (SAM 1, ViT-H)",road420,0.861177869296757,,,0.5637789461305484,,,0.6251577572863767,,,0.4836394002561577,0.6149,-0.1312605997438423,"CrackSAM.pdf, Table 6","CrackSAM.pdf, Table 1 (Adapter d=32)"
baseline_best,Baseline SAM 2 + LoRA r=4 — meilleure époque validation,,paper_adapter_d32,"CrackSAM originel — Adapter d=32 (SAM 1, ViT-H)",facade390,0.6406983079117042,,,0.8253946651891335,,,0.6655554364566215,,,0.5163686768272836,0.4718,0.044568676827283604,"CrackSAM.pdf, Table 6","CrackSAM.pdf, Table 1 (Adapter d=32)"
baseline_best,Baseline SAM 2 + LoRA r=4 — meilleure époque validation,,paper_adapter_d32,"CrackSAM originel — Adapter d=32 (SAM 1, ViT-H)",concrete3k,0.8836147914888591,,,0.7677740041575412,,,0.7989288114855093,,,0.6998229373775023,0.6718,0.028022937377502388,"CrackSAM.pdf, Table 6","CrackSAM.pdf, Table 1 (Adapter d=32)"
baseline_best,Baseline SAM 2 + LoRA r=4 — meilleure époque validation,,paper_adapter_d32,"CrackSAM originel — Adapter d=32 (SAM 1, ViT-H)",MACRO_6_DATASETS,0.7507802714611365,,,0.7203028641862491,,,0.6916653007601484,,,0.5674651370691906,0.5718166666666668,-0.0043515295974762,"CrackSAM.pdf, Table 6","CrackSAM.pdf, Table 1 (Adapter d=32)"
baseline_best,Baseline SAM 2 + LoRA r=4 — meilleure époque validation,,paper_adapter_d32,"CrackSAM originel — Adapter d=32 (SAM 1, ViT-H)",PONDERE_IMAGES,0.7705946698678561,,,0.7342852175167484,,,0.7207658485220099,,,0.6063955051922543,0.59498347386172,0.011412031330534256,"CrackSAM.pdf, Table 6","CrackSAM.pdf, Table 1 (Adapter d=32)"
baseline_best,Baseline SAM 2 + LoRA r=4 — meilleure époque validation,,paper_lora_qv_r4,"CrackSAM originel — LoRA qv r=4 (SAM 1, ViT-H)",khanhha_original,0.7493221748481216,0.762,-0.01267782515187843,0.7711459743369301,0.7918,-0.02065402566306984,0.7453199181521043,0.7639,-0.018580081847895724,0.6238044947390237,0.6416,-0.017795505260976285,"CrackSAM.pdf, Table 6","CrackSAM.pdf, Table 2 (rank=4)"
baseline_best,Baseline SAM 2 + LoRA r=4 — meilleure époque validation,,paper_lora_qv_r4,"CrackSAM originel — LoRA qv r=4 (SAM 1, ViT-H)",khanhha_noisy1,0.7301769076301692,,,0.7189114288075823,,,0.6907005064260806,,,0.5678115519313996,0.5782,-0.010388448068600398,"CrackSAM.pdf, Table 6","CrackSAM.pdf, Table 2 (rank=4)"
baseline_best,Baseline SAM 2 + LoRA r=4 — meilleure époque validation,,paper_lora_qv_r4,"CrackSAM originel — LoRA qv r=4 (SAM 1, ViT-H)",khanhha_noisy2,0.6396915775912075,,,0.6748121664957597,,,0.6243293747541984,,,0.5133437612837761,0.4915,0.02184376128377613,"CrackSAM.pdf, Table 6","CrackSAM.pdf, Table 2 (rank=4)"
baseline_best,Baseline SAM 2 + LoRA r=4 — meilleure époque validation,,paper_lora_qv_r4,"CrackSAM originel — LoRA qv r=4 (SAM 1, ViT-H)",road420,0.861177869296757,,,0.5637789461305484,,,0.6251577572863767,,,0.4836394002561577,0.6222,-0.13856059974384227,"CrackSAM.pdf, Table 6","CrackSAM.pdf, Table 2 (rank=4)"
baseline_best,Baseline SAM 2 + LoRA r=4 — meilleure époque validation,,paper_lora_qv_r4,"CrackSAM originel — LoRA qv r=4 (SAM 1, ViT-H)",facade390,0.6406983079117042,,,0.8253946651891335,,,0.6655554364566215,,,0.5163686768272836,0.4544,0.061968676827283575,"CrackSAM.pdf, Table 6","CrackSAM.pdf, Table 2 (rank=4)"
baseline_best,Baseline SAM 2 + LoRA r=4 — meilleure époque validation,,paper_lora_qv_r4,"CrackSAM originel — LoRA qv r=4 (SAM 1, ViT-H)",concrete3k,0.8836147914888591,,,0.7677740041575412,,,0.7989288114855093,,,0.6998229373775023,0.6798,0.02002293737750238,"CrackSAM.pdf, Table 6","CrackSAM.pdf, Table 2 (rank=4)"
baseline_best,Baseline SAM 2 + LoRA r=4 — meilleure époque validation,,paper_lora_qv_r4,"CrackSAM originel — LoRA qv r=4 (SAM 1, ViT-H)",MACRO_6_DATASETS,0.7507802714611365,,,0.7203028641862491,,,0.6916653007601484,,,0.5674651370691906,0.57795,-0.010484862930809413,"CrackSAM.pdf, Table 6","CrackSAM.pdf, Table 2 (rank=4)"
baseline_best,Baseline SAM 2 + LoRA r=4 — meilleure époque validation,,paper_lora_qv_r4,"CrackSAM originel — LoRA qv r=4 (SAM 1, ViT-H)",PONDERE_IMAGES,0.7705946698678561,,,0.7342852175167484,,,0.7207658485220099,,,0.6063955051922543,0.6046760539629005,0.0017194512293537967,"CrackSAM.pdf, Table 6","CrackSAM.pdf, Table 2 (rank=4)"
epoch20,Frangi — époque 20,20,paper_adapter_d32,"CrackSAM originel — Adapter d=32 (SAM 1, ViT-H)",khanhha_original,0.7525821803010716,0.7676,-0.015017819698928347,0.764593205963194,0.7965,-0.03190679403680596,0.7433969835592719,0.7704,-0.02700301644072811,0.6221042065954592,0.6495,-0.02739579340454079,"CrackSAM.pdf, Table 6","CrackSAM.pdf, Table 1 (Adapter d=32)"
epoch20,Frangi — époque 20,20,paper_adapter_d32,"CrackSAM originel — Adapter d=32 (SAM 1, ViT-H)",khanhha_noisy1,0.7150774254939851,,,0.7227216143065658,,,0.6876911884994982,,,0.5671702719139617,0.5466,0.02057027191396177,"CrackSAM.pdf, Table 6","CrackSAM.pdf, Table 1 (Adapter d=32)"
epoch20,Frangi — époque 20,20,paper_adapter_d32,"CrackSAM originel — Adapter d=32 (SAM 1, ViT-H)",khanhha_noisy2,0.6247235213201322,,,0.6086715517641368,,,0.5837138133800122,,,0.4848449934688206,0.4763,0.008544993468820594,"CrackSAM.pdf, Table 6","CrackSAM.pdf, Table 1 (Adapter d=32)"
epoch20,Frangi — époque 20,20,paper_adapter_d32,"CrackSAM originel — Adapter d=32 (SAM 1, ViT-H)",road420,0.7517345154768832,,,0.6540681093751632,,,0.6168933541689894,,,0.4745337872293983,0.6149,-0.14036621277060168,"CrackSAM.pdf, Table 6","CrackSAM.pdf, Table 1 (Adapter d=32)"
epoch20,Frangi — époque 20,20,paper_adapter_d32,"CrackSAM originel — Adapter d=32 (SAM 1, ViT-H)",facade390,0.5505831715752079,,,0.9096019203278688,,,0.65386524540482,,,0.4989024325370098,0.4718,0.02710243253700978,"CrackSAM.pdf, Table 6","CrackSAM.pdf, Table 1 (Adapter d=32)"
epoch20,Frangi — époque 20,20,paper_adapter_d32,"CrackSAM originel — Adapter d=32 (SAM 1, ViT-H)",concrete3k,0.917544861050896,,,0.7199943091767735,,,0.7889220770382835,,,0.6827934235297374,0.6718,0.010993423529737423,"CrackSAM.pdf, Table 6","CrackSAM.pdf, Table 1 (Adapter d=32)"
epoch20,Frangi — époque 20,20,paper_adapter_d32,"CrackSAM originel — Adapter d=32 (SAM 1, ViT-H)",MACRO_6_DATASETS,0.7187076125363627,,,0.7299417851522837,,,0.6790804436751459,,,0.5550581858790645,0.5718166666666668,-0.016758480787602226,"CrackSAM.pdf, Table 6","CrackSAM.pdf, Table 1 (Adapter d=32)"
epoch20,Frangi — époque 20,20,paper_adapter_d32,"CrackSAM originel — Adapter d=32 (SAM 1, ViT-H)",PONDERE_IMAGES,0.7678111205202424,,,0.7129997957271741,,,0.707808684754631,,,0.5935794170790459,0.59498347386172,-0.001404056782674079,"CrackSAM.pdf, Table 6","CrackSAM.pdf, Table 1 (Adapter d=32)"
epoch20,Frangi — époque 20,20,paper_lora_qv_r4,"CrackSAM originel — LoRA qv r=4 (SAM 1, ViT-H)",khanhha_original,0.7525821803010716,0.762,-0.009417819698928409,0.764593205963194,0.7918,-0.027206794036805926,0.7433969835592719,0.7639,-0.02050301644072816,0.6221042065954592,0.6416,-0.019495793404540773,"CrackSAM.pdf, Table 6","CrackSAM.pdf, Table 2 (rank=4)"
epoch20,Frangi — époque 20,20,paper_lora_qv_r4,"CrackSAM originel — LoRA qv r=4 (SAM 1, ViT-H)",khanhha_noisy1,0.7150774254939851,,,0.7227216143065658,,,0.6876911884994982,,,0.5671702719139617,0.5782,-0.011029728086038304,"CrackSAM.pdf, Table 6","CrackSAM.pdf, Table 2 (rank=4)"
epoch20,Frangi — époque 20,20,paper_lora_qv_r4,"CrackSAM originel — LoRA qv r=4 (SAM 1, ViT-H)",khanhha_noisy2,0.6247235213201322,,,0.6086715517641368,,,0.5837138133800122,,,0.4848449934688206,0.4915,-0.006655006531179397,"CrackSAM.pdf, Table 6","CrackSAM.pdf, Table 2 (rank=4)"
epoch20,Frangi — époque 20,20,paper_lora_qv_r4,"CrackSAM originel — LoRA qv r=4 (SAM 1, ViT-H)",road420,0.7517345154768832,,,0.6540681093751632,,,0.6168933541689894,,,0.4745337872293983,0.6222,-0.14766621277060166,"CrackSAM.pdf, Table 6","CrackSAM.pdf, Table 2 (rank=4)"
epoch20,Frangi — époque 20,20,paper_lora_qv_r4,"CrackSAM originel — LoRA qv r=4 (SAM 1, ViT-H)",facade390,0.5505831715752079,,,0.9096019203278688,,,0.65386524540482,,,0.4989024325370098,0.4544,0.04450243253700975,"CrackSAM.pdf, Table 6","CrackSAM.pdf, Table 2 (rank=4)"
epoch20,Frangi — époque 20,20,paper_lora_qv_r4,"CrackSAM originel — LoRA qv r=4 (SAM 1, ViT-H)",concrete3k,0.917544861050896,,,0.7199943091767735,,,0.7889220770382835,,,0.6827934235297374,0.6798,0.0029934235297374157,"CrackSAM.pdf, Table 6","CrackSAM.pdf, Table 2 (rank=4)"
epoch20,Frangi — époque 20,20,paper_lora_qv_r4,"CrackSAM originel — LoRA qv r=4 (SAM 1, ViT-H)",MACRO_6_DATASETS,0.7187076125363627,,,0.7299417851522837,,,0.6790804436751459,,,0.5550581858790645,0.57795,-0.02289181412093544,"CrackSAM.pdf, Table 6","CrackSAM.pdf, Table 2 (rank=4)"
epoch20,Frangi — époque 20,20,paper_lora_qv_r4,"CrackSAM originel — LoRA qv r=4 (SAM 1, ViT-H)",PONDERE_IMAGES,0.7678111205202424,,,0.7129997957271741,,,0.707808684754631,,,0.5935794170790459,0.6046760539629005,-0.011096636883854538,"CrackSAM.pdf, Table 6","CrackSAM.pdf, Table 2 (rank=4)"
epoch25_best,Frangi — époque 25 (best validation),25,paper_adapter_d32,"CrackSAM originel — Adapter d=32 (SAM 1, ViT-H)",khanhha_original,0.7526746096742712,0.7676,-0.014925390325728705,0.7665719321451874,0.7965,-0.029928067854812612,0.744551397838268,0.7704,-0.025848602161732015,0.6229724776349823,0.6495,-0.026527522365017653,"CrackSAM.pdf, Table 6","CrackSAM.pdf, Table 1 (Adapter d=32)"
epoch25_best,Frangi — époque 25 (best validation),25,paper_adapter_d32,"CrackSAM originel — Adapter d=32 (SAM 1, ViT-H)",khanhha_noisy1,0.7110753816739112,,,0.7357816819857322,,,0.6915218272274141,,,0.5704863157450496,0.5466,0.023886315745049624,"CrackSAM.pdf, Table 6","CrackSAM.pdf, Table 1 (Adapter d=32)"
epoch25_best,Frangi — époque 25 (best validation),25,paper_adapter_d32,"CrackSAM originel — Adapter d=32 (SAM 1, ViT-H)",khanhha_noisy2,0.6228012874423501,,,0.6108812280465025,,,0.5832175747792807,,,0.4841029913509463,0.4763,0.007802991350946309,"CrackSAM.pdf, Table 6","CrackSAM.pdf, Table 1 (Adapter d=32)"
epoch25_best,Frangi — époque 25 (best validation),25,paper_adapter_d32,"CrackSAM originel — Adapter d=32 (SAM 1, ViT-H)",road420,0.7656399306951943,,,0.6391659410766081,,,0.6129848206288302,,,0.4700934262501071,0.6149,-0.14480657374989292,"CrackSAM.pdf, Table 6","CrackSAM.pdf, Table 1 (Adapter d=32)"
epoch25_best,Frangi — époque 25 (best validation),25,paper_adapter_d32,"CrackSAM originel — Adapter d=32 (SAM 1, ViT-H)",facade390,0.5517763017148233,,,0.91097409132606,,,0.6551241020989096,,,0.49993980938850946,0.4718,0.028139809388509462,"CrackSAM.pdf, Table 6","CrackSAM.pdf, Table 1 (Adapter d=32)"
epoch25_best,Frangi — époque 25 (best validation),25,paper_adapter_d32,"CrackSAM originel — Adapter d=32 (SAM 1, ViT-H)",concrete3k,0.9050834227176814,,,0.7392135758577585,,,0.79337331528927,,,0.6901317148391102,0.6718,0.018331714839110225,"CrackSAM.pdf, Table 6","CrackSAM.pdf, Table 1 (Adapter d=32)"
epoch25_best,Frangi — époque 25 (best validation),25,paper_adapter_d32,"CrackSAM originel — Adapter d=32 (SAM 1, ViT-H)",MACRO_6_DATASETS,0.7181751556530386,,,0.7337647417396415,,,0.680128839643662,,,0.5562877892014508,0.5718166666666668,-0.015528877465215918,"CrackSAM.pdf, Table 6","CrackSAM.pdf, Table 1 (Adapter d=32)"
epoch25_best,Frangi — époque 25 (best validation),25,paper_adapter_d32,"CrackSAM originel — Adapter d=32 (SAM 1, ViT-H)",PONDERE_IMAGES,0.7632058700690004,,,0.7221251687389932,,,0.7100359613364481,,,0.596546164623148,0.59498347386172,0.0015626907614280094,"CrackSAM.pdf, Table 6","CrackSAM.pdf, Table 1 (Adapter d=32)"
epoch25_best,Frangi — époque 25 (best validation),25,paper_lora_qv_r4,"CrackSAM originel — LoRA qv r=4 (SAM 1, ViT-H)",khanhha_original,0.7526746096742712,0.762,-0.009325390325728766,0.7665719321451874,0.7918,-0.025228067854812575,0.744551397838268,0.7639,-0.019348602161732065,0.6229724776349823,0.6416,-0.018627522365017635,"CrackSAM.pdf, Table 6","CrackSAM.pdf, Table 2 (rank=4)"
epoch25_best,Frangi — époque 25 (best validation),25,paper_lora_qv_r4,"CrackSAM originel — LoRA qv r=4 (SAM 1, ViT-H)",khanhha_noisy1,0.7110753816739112,,,0.7357816819857322,,,0.6915218272274141,,,0.5704863157450496,0.5782,-0.007713684254950448,"CrackSAM.pdf, Table 6","CrackSAM.pdf, Table 2 (rank=4)"
epoch25_best,Frangi — époque 25 (best validation),25,paper_lora_qv_r4,"CrackSAM originel — LoRA qv r=4 (SAM 1, ViT-H)",khanhha_noisy2,0.6228012874423501,,,0.6108812280465025,,,0.5832175747792807,,,0.4841029913509463,0.4915,-0.007397008649053682,"CrackSAM.pdf, Table 6","CrackSAM.pdf, Table 2 (rank=4)"
epoch25_best,Frangi — époque 25 (best validation),25,paper_lora_qv_r4,"CrackSAM originel — LoRA qv r=4 (SAM 1, ViT-H)",road420,0.7656399306951943,,,0.6391659410766081,,,0.6129848206288302,,,0.4700934262501071,0.6222,-0.1521065737498929,"CrackSAM.pdf, Table 6","CrackSAM.pdf, Table 2 (rank=4)"
epoch25_best,Frangi — époque 25 (best validation),25,paper_lora_qv_r4,"CrackSAM originel — LoRA qv r=4 (SAM 1, ViT-H)",facade390,0.5517763017148233,,,0.91097409132606,,,0.6551241020989096,,,0.49993980938850946,0.4544,0.045539809388509433,"CrackSAM.pdf, Table 6","CrackSAM.pdf, Table 2 (rank=4)"
epoch25_best,Frangi — époque 25 (best validation),25,paper_lora_qv_r4,"CrackSAM originel — LoRA qv r=4 (SAM 1, ViT-H)",concrete3k,0.9050834227176814,,,0.7392135758577585,,,0.79337331528927,,,0.6901317148391102,0.6798,0.010331714839110218,"CrackSAM.pdf, Table 6","CrackSAM.pdf, Table 2 (rank=4)"
epoch25_best,Frangi — époque 25 (best validation),25,paper_lora_qv_r4,"CrackSAM originel — LoRA qv r=4 (SAM 1, ViT-H)",MACRO_6_DATASETS,0.7181751556530386,,,0.7337647417396415,,,0.680128839643662,,,0.5562877892014508,0.57795,-0.02166221079854913,"CrackSAM.pdf, Table 6","CrackSAM.pdf, Table 2 (rank=4)"
epoch25_best,Frangi — époque 25 (best validation),25,paper_lora_qv_r4,"CrackSAM originel — LoRA qv r=4 (SAM 1, ViT-H)",PONDERE_IMAGES,0.7632058700690004,,,0.7221251687389932,,,0.7100359613364481,,,0.596546164623148,0.6046760539629005,-0.00812988933975245,"CrackSAM.pdf, Table 6","CrackSAM.pdf, Table 2 (rank=4)"
epoch30,Frangi — époque 30,30,paper_adapter_d32,"CrackSAM originel — Adapter d=32 (SAM 1, ViT-H)",khanhha_original,0.7552918552197239,0.7676,-0.012308144780276087,0.760451464305142,0.7965,-0.036048535694858,0.7429047871500297,0.7704,-0.027495212849970252,0.6216589960955258,0.6495,-0.027841003904474193,"CrackSAM.pdf, Table 6","CrackSAM.pdf, Table 1 (Adapter d=32)"
epoch30,Frangi — époque 30,30,paper_adapter_d32,"CrackSAM originel — Adapter d=32 (SAM 1, ViT-H)",khanhha_noisy1,0.7164969839771359,,,0.7227568591594147,,,0.6886658836579946,,,0.5679640854632938,0.5466,0.021364085463293825,"CrackSAM.pdf, Table 6","CrackSAM.pdf, Table 1 (Adapter d=32)"
epoch30,Frangi — époque 30,30,paper_adapter_d32,"CrackSAM originel — Adapter d=32 (SAM 1, ViT-H)",khanhha_noisy2,0.6246331201584143,,,0.5847993920724232,,,0.567160630950271,,,0.47142076466066923,0.4763,-0.0048792353393307675,"CrackSAM.pdf, Table 6","CrackSAM.pdf, Table 1 (Adapter d=32)"
epoch30,Frangi — époque 30,30,paper_adapter_d32,"CrackSAM originel — Adapter d=32 (SAM 1, ViT-H)",road420,0.8117257156649146,,,0.5829133239885322,,,0.6014414071786416,,,0.4586471636242635,0.6149,-0.1562528363757365,"CrackSAM.pdf, Table 6","CrackSAM.pdf, Table 1 (Adapter d=32)"
epoch30,Frangi — époque 30,30,paper_adapter_d32,"CrackSAM originel — Adapter d=32 (SAM 1, ViT-H)",facade390,0.5528948740894948,,,0.9045059274357504,,,0.6509092346104095,,,0.4961800994121404,0.4718,0.02438009941214042,"CrackSAM.pdf, Table 6","CrackSAM.pdf, Table 1 (Adapter d=32)"
epoch30,Frangi — époque 30,30,paper_adapter_d32,"CrackSAM originel — Adapter d=32 (SAM 1, ViT-H)",concrete3k,0.9103761802497523,,,0.7350919737368146,,,0.7936896699164684,,,0.6895959141668415,0.6718,0.017795914166841564,"CrackSAM.pdf, Table 6","CrackSAM.pdf, Table 1 (Adapter d=32)"
epoch30,Frangi — époque 30,30,paper_adapter_d32,"CrackSAM originel — Adapter d=32 (SAM 1, ViT-H)",MACRO_6_DATASETS,0.7285697882265726,,,0.7150864901163462,,,0.6741286022439693,,,0.5509111705704557,0.5718166666666668,-0.020905496096211063,"CrackSAM.pdf, Table 6","CrackSAM.pdf, Table 1 (Adapter d=32)"
epoch30,Frangi — époque 30,30,paper_adapter_d32,"CrackSAM originel — Adapter d=32 (SAM 1, ViT-H)",PONDERE_IMAGES,0.7690969717066457,,,0.7091770552918214,,,0.7054950600048122,,,0.5925125474238879,0.59498347386172,-0.0024709264378320883,"CrackSAM.pdf, Table 6","CrackSAM.pdf, Table 1 (Adapter d=32)"
epoch30,Frangi — époque 30,30,paper_lora_qv_r4,"CrackSAM originel — LoRA qv r=4 (SAM 1, ViT-H)",khanhha_original,0.7552918552197239,0.762,-0.0067081447802761485,0.760451464305142,0.7918,-0.03134853569485796,0.7429047871500297,0.7639,-0.0209952128499703,0.6216589960955258,0.6416,-0.019941003904474175,"CrackSAM.pdf, Table 6","CrackSAM.pdf, Table 2 (rank=4)"
epoch30,Frangi — époque 30,30,paper_lora_qv_r4,"CrackSAM originel — LoRA qv r=4 (SAM 1, ViT-H)",khanhha_noisy1,0.7164969839771359,,,0.7227568591594147,,,0.6886658836579946,,,0.5679640854632938,0.5782,-0.010235914536706248,"CrackSAM.pdf, Table 6","CrackSAM.pdf, Table 2 (rank=4)"
epoch30,Frangi — époque 30,30,paper_lora_qv_r4,"CrackSAM originel — LoRA qv r=4 (SAM 1, ViT-H)",khanhha_noisy2,0.6246331201584143,,,0.5847993920724232,,,0.567160630950271,,,0.47142076466066923,0.4915,-0.02007923533933076,"CrackSAM.pdf, Table 6","CrackSAM.pdf, Table 2 (rank=4)"
epoch30,Frangi — époque 30,30,paper_lora_qv_r4,"CrackSAM originel — LoRA qv r=4 (SAM 1, ViT-H)",road420,0.8117257156649146,,,0.5829133239885322,,,0.6014414071786416,,,0.4586471636242635,0.6222,-0.16355283637573648,"CrackSAM.pdf, Table 6","CrackSAM.pdf, Table 2 (rank=4)"
epoch30,Frangi — époque 30,30,paper_lora_qv_r4,"CrackSAM originel — LoRA qv r=4 (SAM 1, ViT-H)",facade390,0.5528948740894948,,,0.9045059274357504,,,0.6509092346104095,,,0.4961800994121404,0.4544,0.04178009941214039,"CrackSAM.pdf, Table 6","CrackSAM.pdf, Table 2 (rank=4)"
epoch30,Frangi — époque 30,30,paper_lora_qv_r4,"CrackSAM originel — LoRA qv r=4 (SAM 1, ViT-H)",concrete3k,0.9103761802497523,,,0.7350919737368146,,,0.7936896699164684,,,0.6895959141668415,0.6798,0.009795914166841557,"CrackSAM.pdf, Table 6","CrackSAM.pdf, Table 2 (rank=4)"
epoch30,Frangi — époque 30,30,paper_lora_qv_r4,"CrackSAM originel — LoRA qv r=4 (SAM 1, ViT-H)",MACRO_6_DATASETS,0.7285697882265726,,,0.7150864901163462,,,0.6741286022439693,,,0.5509111705704557,0.57795,-0.027038829429544275,"CrackSAM.pdf, Table 6","CrackSAM.pdf, Table 2 (rank=4)"
epoch30,Frangi — époque 30,30,paper_lora_qv_r4,"CrackSAM originel — LoRA qv r=4 (SAM 1, ViT-H)",PONDERE_IMAGES,0.7690969717066457,,,0.7091770552918214,,,0.7054950600048122,,,0.5925125474238879,0.6046760539629005,-0.012163506539012547,"CrackSAM.pdf, Table 6","CrackSAM.pdf, Table 2 (rank=4)"
epoch55,Frangi — époque 55,55,paper_adapter_d32,"CrackSAM originel — Adapter d=32 (SAM 1, ViT-H)",khanhha_original,0.7576713954148829,0.7676,-0.009928604585117018,0.7588108276778982,0.7965,-0.03768917232210178,0.7433005902118791,0.7704,-0.027099409788120865,0.6221120843362372,0.6495,-0.027387915663762752,"CrackSAM.pdf, Table 6","CrackSAM.pdf, Table 1 (Adapter d=32)"
epoch55,Frangi — époque 55,55,paper_adapter_d32,"CrackSAM originel — Adapter d=32 (SAM 1, ViT-H)",khanhha_noisy1,0.7158390284381544,,,0.7163275170178565,,,0.6846160252588099,,,0.5644447003186475,0.5466,0.01784470031864749,"CrackSAM.pdf, Table 6","CrackSAM.pdf, Table 1 (Adapter d=32)"
epoch55,Frangi — époque 55,55,paper_adapter_d32,"CrackSAM originel — Adapter d=32 (SAM 1, ViT-H)",khanhha_noisy2,0.6209828334726916,,,0.5732237817443783,,,0.5589950058724886,,,0.46498136343630636,0.4763,-0.01131863656369364,"CrackSAM.pdf, Table 6","CrackSAM.pdf, Table 1 (Adapter d=32)"
epoch55,Frangi — époque 55,55,paper_adapter_d32,"CrackSAM originel — Adapter d=32 (SAM 1, ViT-H)",road420,0.8196428436370181,,,0.5579754593498165,,,0.5839173562802655,,,0.44107489662361327,0.6149,-0.17382510337638674,"CrackSAM.pdf, Table 6","CrackSAM.pdf, Table 1 (Adapter d=32)"
epoch55,Frangi — époque 55,55,paper_adapter_d32,"CrackSAM originel — Adapter d=32 (SAM 1, ViT-H)",facade390,0.5622184629713678,,,0.894949466961533,,,0.6513033791846825,,,0.49656899374218216,0.4718,0.024768993742182166,"CrackSAM.pdf, Table 6","CrackSAM.pdf, Table 1 (Adapter d=32)"
epoch55,Frangi — époque 55,55,paper_adapter_d32,"CrackSAM originel — Adapter d=32 (SAM 1, ViT-H)",concrete3k,0.9077246656345181,,,0.7367696185936676,,,0.7939442588627997,,,0.6901604001761805,0.6718,0.01836040017618057,"CrackSAM.pdf, Table 6","CrackSAM.pdf, Table 1 (Adapter d=32)"
epoch55,Frangi — époque 55,55,paper_adapter_d32,"CrackSAM originel — Adapter d=32 (SAM 1, ViT-H)",MACRO_6_DATASETS,0.7306798715947721,,,0.706342778557525,,,0.6693461026118208,,,0.5465570731055278,0.5718166666666668,-0.025259593561138938,"CrackSAM.pdf, Table 6","CrackSAM.pdf, Table 1 (Adapter d=32)"
epoch55,Frangi — époque 55,55,paper_adapter_d32,"CrackSAM originel — Adapter d=32 (SAM 1, ViT-H)",PONDERE_IMAGES,0.7686177923504267,,,0.7044027706732939,,,0.7025184465750224,,,0.5900788899026959,0.59498347386172,-0.004904583959024156,"CrackSAM.pdf, Table 6","CrackSAM.pdf, Table 1 (Adapter d=32)"
epoch55,Frangi — époque 55,55,paper_lora_qv_r4,"CrackSAM originel — LoRA qv r=4 (SAM 1, ViT-H)",khanhha_original,0.7576713954148829,0.762,-0.00432860458511708,0.7588108276778982,0.7918,-0.032989172322101745,0.7433005902118791,0.7639,-0.020599409788120915,0.6221120843362372,0.6416,-0.019487915663762734,"CrackSAM.pdf, Table 6","CrackSAM.pdf, Table 2 (rank=4)"
epoch55,Frangi — époque 55,55,paper_lora_qv_r4,"CrackSAM originel — LoRA qv r=4 (SAM 1, ViT-H)",khanhha_noisy1,0.7158390284381544,,,0.7163275170178565,,,0.6846160252588099,,,0.5644447003186475,0.5782,-0.013755299681352584,"CrackSAM.pdf, Table 6","CrackSAM.pdf, Table 2 (rank=4)"
epoch55,Frangi — époque 55,55,paper_lora_qv_r4,"CrackSAM originel — LoRA qv r=4 (SAM 1, ViT-H)",khanhha_noisy2,0.6209828334726916,,,0.5732237817443783,,,0.5589950058724886,,,0.46498136343630636,0.4915,-0.02651863656369363,"CrackSAM.pdf, Table 6","CrackSAM.pdf, Table 2 (rank=4)"
epoch55,Frangi — époque 55,55,paper_lora_qv_r4,"CrackSAM originel — LoRA qv r=4 (SAM 1, ViT-H)",road420,0.8196428436370181,,,0.5579754593498165,,,0.5839173562802655,,,0.44107489662361327,0.6222,-0.1811251033763867,"CrackSAM.pdf, Table 6","CrackSAM.pdf, Table 2 (rank=4)"
epoch55,Frangi — époque 55,55,paper_lora_qv_r4,"CrackSAM originel — LoRA qv r=4 (SAM 1, ViT-H)",facade390,0.5622184629713678,,,0.894949466961533,,,0.6513033791846825,,,0.49656899374218216,0.4544,0.04216899374218214,"CrackSAM.pdf, Table 6","CrackSAM.pdf, Table 2 (rank=4)"
epoch55,Frangi — époque 55,55,paper_lora_qv_r4,"CrackSAM originel — LoRA qv r=4 (SAM 1, ViT-H)",concrete3k,0.9077246656345181,,,0.7367696185936676,,,0.7939442588627997,,,0.6901604001761805,0.6798,0.010360400176180562,"CrackSAM.pdf, Table 6","CrackSAM.pdf, Table 2 (rank=4)"
epoch55,Frangi — époque 55,55,paper_lora_qv_r4,"CrackSAM originel — LoRA qv r=4 (SAM 1, ViT-H)",MACRO_6_DATASETS,0.7306798715947721,,,0.706342778557525,,,0.6693461026118208,,,0.5465570731055278,0.57795,-0.03139292689447215,"CrackSAM.pdf, Table 6","CrackSAM.pdf, Table 2 (rank=4)"
epoch55,Frangi — époque 55,55,paper_lora_qv_r4,"CrackSAM originel — LoRA qv r=4 (SAM 1, ViT-H)",PONDERE_IMAGES,0.7686177923504267,,,0.7044027706732939,,,0.7025184465750224,,,0.5900788899026959,0.6046760539629005,-0.014597164060204615,"CrackSAM.pdf, Table 6","CrackSAM.pdf, Table 2 (rank=4)"
epoch70,Frangi — époque 70,70,paper_adapter_d32,"CrackSAM originel — Adapter d=32 (SAM 1, ViT-H)",khanhha_original,0.7574631842234925,0.7676,-0.01013681577650749,0.7581608831364421,0.7965,-0.03833911686355784,0.742710027430317,0.7704,-0.027689972569682975,0.6215301278666107,0.6495,-0.027969872133389306,"CrackSAM.pdf, Table 6","CrackSAM.pdf, Table 1 (Adapter d=32)"
epoch70,Frangi — époque 70,70,paper_adapter_d32,"CrackSAM originel — Adapter d=32 (SAM 1, ViT-H)",khanhha_noisy1,0.7159187207317572,,,0.7163554299116208,,,0.6846001859746909,,,0.5644540258748999,0.5466,0.017854025874899926,"CrackSAM.pdf, Table 6","CrackSAM.pdf, Table 1 (Adapter d=32)"
epoch70,Frangi — époque 70,70,paper_adapter_d32,"CrackSAM originel — Adapter d=32 (SAM 1, ViT-H)",khanhha_noisy2,0.6213452107957739,,,0.5732841459059305,,,0.5590697004559583,,,0.46502600456748583,0.4763,-0.011273995432514172,"CrackSAM.pdf, Table 6","CrackSAM.pdf, Table 1 (Adapter d=32)"
epoch70,Frangi — époque 70,70,paper_adapter_d32,"CrackSAM originel — Adapter d=32 (SAM 1, ViT-H)",road420,0.8198805648468013,,,0.557501040042468,,,0.5836996475261964,,,0.44091086416820907,0.6149,-0.17398913583179093,"CrackSAM.pdf, Table 6","CrackSAM.pdf, Table 1 (Adapter d=32)"
epoch70,Frangi — époque 70,70,paper_adapter_d32,"CrackSAM originel — Adapter d=32 (SAM 1, ViT-H)",facade390,0.5623173353997676,,,0.8949540980797582,,,0.6511910421952118,,,0.4964757866460999,0.4718,0.02467578664609993,"CrackSAM.pdf, Table 6","CrackSAM.pdf, Table 1 (Adapter d=32)"
epoch70,Frangi — époque 70,70,paper_adapter_d32,"CrackSAM originel — Adapter d=32 (SAM 1, ViT-H)",concrete3k,0.908107293506631,,,0.736801986010708,,,0.7939560532431856,,,0.6901843768833563,0.6718,0.018384376883356368,"CrackSAM.pdf, Table 6","CrackSAM.pdf, Table 1 (Adapter d=32)"
epoch70,Frangi — époque 70,70,paper_adapter_d32,"CrackSAM originel — Adapter d=32 (SAM 1, ViT-H)",MACRO_6_DATASETS,0.730838718250704,,,0.7061762638478214,,,0.66920444280426,,,0.546430197667777,0.5718166666666668,-0.025386468998889744,"CrackSAM.pdf, Table 6","CrackSAM.pdf, Table 1 (Adapter d=32)"
epoch70,Frangi — époque 70,70,paper_adapter_d32,"CrackSAM originel — Adapter d=32 (SAM 1, ViT-H)",PONDERE_IMAGES,0.7688069634355754,,,0.7042844599244615,,,0.702405899060262,,,0.5899745327404659,0.59498347386172,-0.005008941121254162,"CrackSAM.pdf, Table 6","CrackSAM.pdf, Table 1 (Adapter d=32)"
epoch70,Frangi — époque 70,70,paper_lora_qv_r4,"CrackSAM originel — LoRA qv r=4 (SAM 1, ViT-H)",khanhha_original,0.7574631842234925,0.762,-0.004536815776507552,0.7581608831364421,0.7918,-0.033639116863557805,0.742710027430317,0.7639,-0.021189972569683024,0.6215301278666107,0.6416,-0.020069872133389288,"CrackSAM.pdf, Table 6","CrackSAM.pdf, Table 2 (rank=4)"
epoch70,Frangi — époque 70,70,paper_lora_qv_r4,"CrackSAM originel — LoRA qv r=4 (SAM 1, ViT-H)",khanhha_noisy1,0.7159187207317572,,,0.7163554299116208,,,0.6846001859746909,,,0.5644540258748999,0.5782,-0.013745974125100147,"CrackSAM.pdf, Table 6","CrackSAM.pdf, Table 2 (rank=4)"
epoch70,Frangi — époque 70,70,paper_lora_qv_r4,"CrackSAM originel — LoRA qv r=4 (SAM 1, ViT-H)",khanhha_noisy2,0.6213452107957739,,,0.5732841459059305,,,0.5590697004559583,,,0.46502600456748583,0.4915,-0.026473995432514164,"CrackSAM.pdf, Table 6","CrackSAM.pdf, Table 2 (rank=4)"
epoch70,Frangi — époque 70,70,paper_lora_qv_r4,"CrackSAM originel — LoRA qv r=4 (SAM 1, ViT-H)",road420,0.8198805648468013,,,0.557501040042468,,,0.5836996475261964,,,0.44091086416820907,0.6222,-0.1812891358317909,"CrackSAM.pdf, Table 6","CrackSAM.pdf, Table 2 (rank=4)"
epoch70,Frangi — époque 70,70,paper_lora_qv_r4,"CrackSAM originel — LoRA qv r=4 (SAM 1, ViT-H)",facade390,0.5623173353997676,,,0.8949540980797582,,,0.6511910421952118,,,0.4964757866460999,0.4544,0.0420757866460999,"CrackSAM.pdf, Table 6","CrackSAM.pdf, Table 2 (rank=4)"
epoch70,Frangi — époque 70,70,paper_lora_qv_r4,"CrackSAM originel — LoRA qv r=4 (SAM 1, ViT-H)",concrete3k,0.908107293506631,,,0.736801986010708,,,0.7939560532431856,,,0.6901843768833563,0.6798,0.010384376883356361,"CrackSAM.pdf, Table 6","CrackSAM.pdf, Table 2 (rank=4)"
epoch70,Frangi — époque 70,70,paper_lora_qv_r4,"CrackSAM originel — LoRA qv r=4 (SAM 1, ViT-H)",MACRO_6_DATASETS,0.730838718250704,,,0.7061762638478214,,,0.66920444280426,,,0.546430197667777,0.57795,-0.03151980233222296,"CrackSAM.pdf, Table 6","CrackSAM.pdf, Table 2 (rank=4)"
epoch70,Frangi — époque 70,70,paper_lora_qv_r4,"CrackSAM originel — LoRA qv r=4 (SAM 1, ViT-H)",PONDERE_IMAGES,0.7688069634355754,,,0.7042844599244615,,,0.702405899060262,,,0.5899745327404659,0.6046760539629005,-0.014701521222434621,"CrackSAM.pdf, Table 6","CrackSAM.pdf, Table 2 (rank=4)"
